Company,Job Detail,Required Skills,City,HR Email
Accuknox,"['Role: Manual Test Engineer', 'Industry Type: IT Services & Consulting', 'Department: Engineering - Software & QA', 'Employment Type: Full Time, Permanent', 'Role Category: Quality Assurance and Testing', 'UG: Any Graduate', 'PG: Any Postgraduate']","['System architecture', 'Stress testing', 'cloud security', 'Load testing', 'Testing tools', 'Performance testing', 'Vulnerability', 'Test cases', 'Penetration testing']",Remote,careers@accuknox.com
Accenture,"['Role: Security Engineer / Analyst', 'Industry Type: IT Services & Consulting', 'Department: IT & Information Security', 'Employment Type: Full Time, Permanent', 'Role Category: IT Security', 'UG: B.Tech/B.E. in Any Specialization', 'PG: Any Postgraduate']","['network security', 'sap security', 'access management', 'cyber security', 'threat management', 'information security', 'vulnerability assessment', 'security systems']",Indore,careers@accenture.com
Cyber Infrastructure,"['Role: Software Development - Other', 'Industry Type: IT Services & Consulting', 'Department: Engineering - Software & QA', 'Employment Type: Full Time, Permanent', 'Role Category: Software Development', 'UG: B.Tech/B.E. in Computer Science Engineering, Data Science, Information Technology, Computer Science, Computer Engineering, Artificial Intelligence And Data Science, Cyber Security, Computers, Artificial Intelligence And Machine Learning', 'PG: MCA in Any Specialization']","['OOPS', 'C#', 'SQL Database', '.Net']",Indore,careers@cyberinfrastructure.com
Ditstek Innovation Pvt. Ltd.,"['Role: System Administrator / Engineer', 'Industry Type: IT Services & Consulting', 'Department: Engineering - Hardware & Networks', 'Employment Type: Full Time, Permanent', 'Role Category: IT Network', 'UG: Any Graduate', 'PG: Any Postgraduate', 'Doctorate: Doctorate Not Required']","['PowerShell', 'Backup Administration', 'Cyber Security', 'Ansible', 'HIPAA', 'IT Operations', 'Python']",Indore,careers@ditstekinnovationpvt.ltd..com
Symbiosis University of Applied Sciences(SUAS),"['Role: Academic Coordinator', 'Industry Type: Education / Training', 'Department: Teaching & Training', 'Employment Type: Full Time, Permanent', 'Role Category: University Level Educator', 'PG: MS/M.Sc(Science) in Data Informatics, Systems Architecting and Engineering, Computers, Cyber Security Engineering, M.Tech in Computers, MCA in Computers']","['Communication Skills', 'Presentation Skills', 'Coordination', 'Facilitation', 'Coordination Skills', 'Interpersonal Skills']",Indore( Bada Bangarda ),careers@symbiosisuniversityofappliedsciences(suas).com
NextGen Invent,"['Role: QA Team Manager', 'Industry Type: IT Services & Consulting', 'Department: Engineering - Software & QA', 'Employment Type: Full Time, Permanent', 'Role Category: Quality Assurance and Testing', 'UG: Any Graduate', 'PG: Any Postgraduate']","['ISMS', 'Internal audit', 'ISO 9001', 'Compliance', 'Information security management', 'HIPAA', 'ISO 27001', 'Management', 'Software quality assurance', 'SDLC']",Remote,careers@nextgeninvent.com
Astra Security,"['Role: Application Security Engineer', 'Industry Type: Law Enforcement / Security Services', 'Department: IT & Information Security', 'Employment Type: Full Time, Permanent', 'Role Category: IT Security', 'UG: Any Graduate', 'PG: Any Postgraduate']","['French', 'Web technologies', 'cyber security', 'SAAS', 'Cloud', 'Vulnerability', 'Open source', 'Testing']",Remote,careers@astrasecurity.com
Microexcel,"['Role: Hardware Platform Engineer', 'Industry Type: IT Services & Consulting', 'Department: Engineering - Hardware & Networks', 'Employment Type: Full Time, Permanent', 'Role Category: Hardware', 'UG: Any Graduate', 'PG: Any Postgraduate']","['SAN', 'KVM', 'Linux', 'Infrastructure management', 'Information security', 'Customer service', 'Troubleshooting', 'Open source', 'Information technology', 'Virtualization']",Remote,careers@microexcel.com
phData,"['Role: Engineering Manager', 'Industry Type: IT Services & Consulting', 'Department: Engineering - Software & QA', 'Employment Type: Full Time, Permanent', 'Role Category: Software Development', 'UG: Any Graduate', 'PG: Any Postgraduate']","['Automation', 'Product engineering', 'Performance management', 'Coding', 'Access management', 'Project management', 'Information security', 'SOC', 'Risk management', 'Auditing']",Remote,careers@phdata.com
Sentient Foundation,"['Role: Head - Information Security', 'Industry Type: Analytics / KPO / Research', 'Department: IT & Information Security', 'Employment Type: Full Time, Permanent', 'Role Category: IT Security', 'UG: Any Graduate', 'PG: Any Postgraduate']","['Backend', 'Front end', 'ISO', 'Cisa', 'Information security', 'ISO 27001', 'Incident management', 'Application security', 'Risk management', 'Penetration testing']",Remote,careers@sentientfoundation.com
Talent Corner Hr Services,"['Role: Cyber Security', 'Industry Type: IT Services & Consulting', 'Department: IT & Information Security', 'Employment Type: Full Time, Permanent', 'Role Category: IT Security', 'UG: Any Graduate']","['Firewalls', 'endpoint security', 'CEH', 'DLP', 'ITIL', 'IPS', 'NAC', 'PMP', 'SIEM', 'CISSP', 'IDS', 'CISM']","Mumbai, Indore",careers@talentcornerhrservices.com
Tufropes,"['Role: IT & Information Security - Other', 'Industry Type: Petrochemical / Plastics / Rubber', 'Department: IT & Information Security', 'Employment Type: Full Time, Permanent', 'Role Category: IT & Information Security - Other', 'UG: B.Tech/B.E. in Computer Science Engineering, Information Technology, Computer Science, Computer Engineering, Computers']","['Cyber Security', 'Infrastructure Management', 'IT Strategy Planning', 'IT Operations', 'Network Infrastructure Management', 'Solution Architecting', 'Data Center Management', 'IT Security Management', 'IT Infrastructure', 'IT Budgeting']","Indore, Mumbai (All Areas)",careers@tufropes.com
Masai School,"['Role: Search Engineer', 'Industry Type: Education / Training', 'Department: Engineering - Software & QA', 'Employment Type: Full Time, Permanent', 'Role Category: Software Development', 'UG: Any Graduate', 'PG: Any Postgraduate']","['Cloud computing', 'LMS', 'Networking', 'Linux', 'Infrastructure management', 'GCP', 'devops', 'Cloud', 'System administration', 'Teaching']",Remote,careers@masaischool.com
Einfochips,"['Role: Software Development - Other', 'Industry Type: IT Services & Consulting', 'Department: Engineering - Software & QA', 'Employment Type: Full Time, Permanent', 'Role Category: Software Development', 'UG: B.Tech/B.E. in Any Specialization']","['CRM', 'C#', 'JavaScript']","Indore, Pune, Ahmedabad",careers@einfochips.com
Serosoft Solutions,"['Role: Full Stack Developer', 'Industry Type: IT Services & Consulting', 'Department: Engineering - Software & QA', 'Employment Type: Full Time, Permanent', 'Role Category: Software Development', 'UG: Any Graduate', 'PG: Any Postgraduate']","['Maven', 'Hibernate', 'ERP', 'Software design', 'Coding', 'Enterprise applications', 'MySQL', 'Oracle', 'ExtJS']",Indore,careers@serosoftsolutions.com
Rarr Technologies,"['Role: Search Engineer', 'Industry Type: IT Services & Consulting', 'Department: Engineering - Software & QA', 'Employment Type: Full Time, Permanent', 'Role Category: Software Development', 'UG: Any Graduate', 'PG: Any Postgraduate']","['Backend', 'GIT', 'orchestration', 'Production support', 'Integration testing', 'Selenium', 'Unit testing', 'Monitoring', 'Scripting', 'Python']",Remote,careers@rarrtechnologies.com
Learneo Com,"['Role: DevOps Engineer', 'Industry Type: IT Services & Consulting', 'Department: Engineering - Software & QA', 'Employment Type: Full Time, Permanent', 'Role Category: DevOps', 'UG: Any Graduate', 'PG: Any Postgraduate']","['Computer science', 'Automation', 'Linux', 'Networking', 'GCP', 'Analytical', 'Troubleshooting', 'Information technology', 'Distribution system', 'Python']",remote,careers@learneocom.com
Swastika Investmart,"['Role: Network (Support) Engineer', 'Industry Type: Financial Services (Broking)', 'Department: Engineering - Hardware & Networks', 'Employment Type: Full Time, Permanent', 'Role Category: IT Network', 'UG: Any Graduate']","['Jenkins', 'AWS']",Indore,careers@swastikainvestmart.com
Fiftyfive Technologies,"['Role: DevOps Engineer', 'Industry Type: IT Services & Consulting', 'Department: Engineering - Software & QA', 'Employment Type: Full Time, Permanent', 'Role Category: DevOps', 'UG: Any Graduate', 'PG: Any Postgraduate']","['Computer science', 'Automation', 'Networking', 'Linux', 'GCP', 'Configuration management', 'Shell scripting', 'Cloud', 'Infrastructure', 'Python']","Indore, Jaipur",careers@fiftyfivetechnologies.com
Victrix Systems And Labs,"['Role: Full Stack Developer', 'Industry Type: IT Services & Consulting', 'Department: Engineering - Software & QA', 'Employment Type: Full Time, Permanent', 'Role Category: Software Development', 'UG: B.Tech/B.E. in Any Specialization', 'PG: Any Postgraduate', 'Doctorate: Doctorate Not Required']","['.Net', 'C#', 'AngularJS', 'Azure', 'Javascript', 'SQL Server', 'ASP']",Indore,careers@victrixsystemsandlabs.com
emagine,"['Role: Release Manager', 'Industry Type: IT Services & Consulting', 'Department: Engineering - Software & QA', 'Employment Type: Full Time, Permanent', 'Role Category: DevOps', 'UG: Any Graduate', 'PG: Any Postgraduate']","['continuous integration', 'cd', 'release management', 'software development', 'program management', 'coordination', 'software development life cycle', 'servicenow', 'git', 'stakeholder management', 'devops', 'scrum', 'communication skills', 'itil', 'jira']",Remote,careers@emagine.com
Exavalu,"['Role: QA Team Manager', 'Industry Type: IT Services & Consulting', 'Department: Engineering - Software & QA', 'Employment Type: Full Time, Permanent', 'Role Category: Quality Assurance and Testing', 'UG: Any Graduate', 'PG: Any Postgraduate']","['Automation', 'Data validation', 'Front end', 'Analytical', 'Performance testing', 'Agile', 'Scrum', 'Risk management', 'Monitoring', 'SDLC']",remote,careers@exavalu.com
Shj International,"['Role: Back End Developer', 'Industry Type: IT Services & Consulting', 'Department: Engineering - Software & QA', 'Employment Type: Full Time, Permanent', 'Role Category: Software Development', 'UG: B.Tech/B.E. in Information Technology, Computers']","['Spring Boot', 'Java', 'Hibernate', 'Problem Solving', 'Mariadb', 'Communication Skills', 'Backend', 'GIT', 'Docker', 'JPA']","Indore, Delhi / NCR, Mumbai (All Areas)",careers@shjinternational.com
Serigor,"['Role: System Administrator / Engineer', 'Industry Type: IT Services & Consulting', 'Department: Engineering - Hardware & Networks', 'Employment Type: Full Time, Permanent', 'Role Category: IT Network', 'UG: Any Graduate', 'PG: Any Postgraduate']","['Change management', 'Automation', 'LDAP', 'Access management', 'GCP', 'Powershell', 'Cloud', 'Active directory', 'microsoft', 'Python']",Remote,careers@serigor.com
Relq Technologies,"['Role: Test Architect', 'Industry Type: IT Services & Consulting', 'Department: Engineering - Software & QA', 'Employment Type: Full Time, Permanent', 'Role Category: Quality Assurance and Testing', 'UG: Any Graduate', 'PG: Any Postgraduate']","['github', 'GIT', 'Data management', 'Test strategy', 'TDD', 'Analytical', 'Integration testing', 'Performance testing', 'Selenium', 'Test cases']",REMOTE,careers@relqtechnologies.com
Keeptruckin,"['Role: Site Reliability Engineer', 'Industry Type: IT Services & Consulting', 'Department: Engineering - Software & QA', 'Employment Type: Full Time, Permanent', 'Role Category: DevOps', 'UG: Any Graduate', 'PG: Any Postgraduate']","['Computer science', 'Architect', 'Automation', 'Backend', 'Incident management', 'Troubleshooting', 'Operations', 'Monitoring', 'Logistics', 'Python']",Remote,careers@keeptruckin.com
"Milestone Technologies, Inc","['Role: Site Reliability Engineer', 'Industry Type: IT Services & Consulting', 'Department: Engineering - Software & QA', 'Employment Type: Full Time, Permanent', 'Role Category: DevOps', 'UG: Any Graduate', 'PG: LLM in Law']","['Performance tuning', 'Networking', 'Data management', 'Coding', 'JSON', 'Data quality', 'Distribution system', 'SQL', 'Python', 'Auditing']",Remote,"careers@milestonetechnologies,inc.com"
Nimesa Technology,"['Role: Enterprise & B2B Sales - Other', 'Industry Type: IT Services & Consulting', 'Department: Sales & Business Development', 'Employment Type: Full Time, Permanent', 'Role Category: Enterprise & B2B Sales', 'UG: Any Graduate', 'PG: Any Postgraduate', 'Doctorate: Doctorate Not Required']","['Corporate Sales', 'Sales', 'IT Product Sales', 'B2B Sales', 'IT Sales']",Bhopal,careers@nimesatechnology.com
Tinvio Digital Services,"['Role: Blockchain Quality Assurance Engineer', 'Industry Type: IT Services & Consulting', 'Department: Engineering - Software & QA', 'Employment Type: Full Time, Permanent', 'Role Category: Quality Assurance and Testing', 'UG: Any Graduate', 'PG: Any Postgraduate', 'Doctorate: Doctorate Not Required']","['Python', 'Django', 'Cloud']",Indore,careers@tinviodigitalservices.com
Stanra Tech Solutions,"['Role: Full Stack Developer', 'Industry Type: IT Services & Consulting', 'Department: Engineering - Software & QA', 'Employment Type: Full Time, Permanent', 'Role Category: Software Development', 'UG: B.Tech/B.E. in Any Specialization', 'PG: Any Postgraduate', 'Doctorate: Doctorate Not Required']","['SAP', 'Solution Integration', 'Apex', 'Salesforce']",Bhopal,careers@stanratechsolutions.com
Clario,"['Role: Search Engineer', 'Industry Type: Pharmaceutical & Life Sciences', 'Department: Engineering - Software & QA', 'Employment Type: Full Time, Permanent', 'Role Category: Software Development', 'UG: Any Graduate', 'PG: Any Postgraduate']","['NUnit', 'github', 'Front end', 'Web technologies', 'RDBMS', 'Postgresql', 'data integrity', 'Test cases', 'Unit testing', 'SQL']",Remote,careers@clario.com
HCLTech,"['Role: Technical Lead', 'Industry Type: IT Services & Consulting', 'Department: Engineering - Software & QA', 'Employment Type: Full Time, Permanent', 'Role Category: Software Development', 'UG: Any Graduate']","['Jenkins', 'Devops']","Bhopal, Nagpur, Pune",careers@hcltech.com
Techdome Solutions,"['Role: Automation Test Engineer', 'Industry Type: IT Services & Consulting', 'Department: Engineering - Software & QA', 'Employment Type: Full Time, Permanent', 'Role Category: Quality Assurance and Testing', 'UG: Any Graduate', 'PG: Any Postgraduate']","['Maven', 'Automation', 'Load testing', 'Testing tools', 'Functional testing', 'Selenium', 'JIRA', 'SQL', 'Python']","Indore, Hyderabad",careers@techdomesolutions.com
Ione It Solutions,"['Role: IT Infrastructure Services - Other', 'Industry Type: IT Services & Consulting', 'Department: IT & Information Security', 'Employment Type: Full Time, Permanent', 'Role Category: IT Infrastructure Services', 'PG: MBA/PGDM in Any Specialization, M.Tech in Any Specialization']","['PMP', 'Agile', 'IT Project Management']",Indore,careers@ioneitsolutions.com
Hvantage,"['Role: Front End Developer', 'Industry Type: IT Services & Consulting', 'Department: Engineering - Software & QA', 'Employment Type: Full Time, Permanent', 'Role Category: Software Development', 'UG: B.Sc in Computers, B.Tech/B.E. in Information Science, Information Technology, Computer Science, Computers, BCA in Any Specialization']","['CSS', 'Javascript', 'React.Js', 'Microservices', 'HTML']",Indore,careers@hvantage.com
Kanerika Software,"['Role: DevOps Engineer', 'Industry Type: IT Services & Consulting', 'Department: Engineering - Software & QA', 'Employment Type: Full Time, Permanent', 'Role Category: DevOps', 'UG: B.Tech/B.E. in Any Specialization', 'PG: MCA in Any Specialization, M.Tech in Any Specialization']","['Jenkins', 'Docker', 'AWS', 'Azure', 'Ansible', 'Scripting Languages']",Indore,careers@kanerikasoftware.com
Artemis Health,"['Role: Practice Manager / Head', 'Industry Type: Medical Services / Hospital', 'Department: Engineering - Software & QA', 'Employment Type: Full Time, Permanent', 'Role Category: Software Development', 'UG: Any Graduate', 'PG: Any Postgraduate']","['Process automation', 'Automation', 'Team management', 'Process improvement', 'Disaster recovery', 'Technical leadership', 'Healthcare', 'Operations', 'Service quality', 'Monitoring']",Remote,careers@artemishealth.com
Chapter247 Infotech,"['Role: Full Stack Developer', 'Industry Type: IT Services & Consulting', 'Department: Engineering - Software & QA', 'Employment Type: Full Time, Permanent', 'Role Category: Software Development', 'UG: Any Graduate', 'PG: Any Postgraduate']","['Team Leading', 'Node.Js', 'MongoDB', 'AWS']",Indore( Nipania ),careers@chapter247infotech.com
Systango,"['Role: Technical Architect', 'Industry Type: IT Services & Consulting', 'Department: Engineering - Software & QA', 'Employment Type: Full Time, Permanent', 'Role Category: Software Development', 'UG: Any Graduate', 'PG: Any Postgraduate']","['Computer science', 'Automation', 'Product engineering', 'Postgresql', 'Django', 'MySQL', 'Machine learning', 'System design', 'Distribution system', 'Python']",Indore,careers@systango.com
SmarTek21,"['Role: DevOps Engineer', 'Industry Type: IT Services & Consulting', 'Department: Engineering - Software & QA', 'Employment Type: Full Time, Permanent', 'Role Category: DevOps', 'UG: Any Graduate', 'PG: Any Postgraduate']","['remediation', 'PCI DSS', 'Automation', 'ISO 27001', 'Cloud', 'Vulnerability', 'Open source', 'Monitoring', 'Python', 'Penetration testing']",Remote,careers@smartek21.com
Akamai,"['Role: Blockchain Quality Assurance Engineer', 'Industry Type: IT Services & Consulting', 'Department: Engineering - Software & QA', 'Employment Type: Full Time, Permanent', 'Role Category: Quality Assurance and Testing', 'UG: Any Graduate', 'PG: Any Postgraduate']","['Backend', 'orchestration', 'Architecture', 'Internet security', 'Network security', 'HTML', 'Product support', 'Python', 'CSS3']",Remote,careers@akamai.com
Sterling Talent,"['Role: Head - Engineering', 'Industry Type: Management Consulting', 'Department: Engineering - Software & QA', 'Employment Type: Full Time, Permanent', 'Role Category: Software Development', 'UG: Any Graduate', 'PG: Any Postgraduate']","['Computer science', 'Performance tuning', 'Software design', 'Coding', 'Enterprise applications', 'GCP', 'Resource allocation', 'Agile', 'Application security', 'SDLC']",Remote,careers@sterlingtalent.com
Infogrowth,"['Role: IT Support - Other', 'Industry Type: IT Services & Consulting', 'Department: IT & Information Security', 'Employment Type: Full Time, Permanent', 'Role Category: IT Support', 'UG: Any Graduate']","['Client Coordination', 'Salesforce', 'CSS', 'HTML', 'Client Interaction', 'Client Management', 'International Clients', 'Consulting', 'Client Engagement', 'CRM']","Indore, Pune, Bengaluru",careers@infogrowth.com
Sand Technologies,"['Role: IT Support - Other', 'Industry Type: IT Services & Consulting', 'Department: IT & Information Security', 'Employment Type: Full Time, Permanent', 'Role Category: IT Support', 'UG: Any Graduate', 'PG: Any Postgraduate']","['Cisa', 'Access management', 'Analytical', 'Risk assessment', 'ISO 27001', 'IT risk management', 'Healthcare', 'Video conferencing', 'Scheduling', 'Vulnerability management']",Remote,careers@sandtechnologies.com
Clarion Technologies,"['Role: Cloud System Administration', 'Industry Type: IT Services & Consulting', 'Department: IT & Information Security', 'Employment Type: Full Time, Permanent', 'Role Category: IT Infrastructure Services', 'UG: Any Graduate', 'PG: Any Postgraduate']","['Automation', 'Networking', 'Infrastructure management', 'Powershell', 'Disaster recovery', 'Active directory', 'Windows', 'RFP', 'Python', 'Technical documentation']",Remote,careers@clariontechnologies.com
World Courier,"['Role: Blockchain Quality Assurance Engineer', 'Industry Type: Medical Devices & Equipment', 'Department: Engineering - Software & QA', 'Employment Type: Full Time, Permanent', 'Role Category: Quality Assurance and Testing', 'UG: Any Graduate', 'PG: Any Postgraduate']","['ERP', 'Automation', 'SAP', 'Linux', 'Networking', 'Db2', 'JBoss', 'Windows', 'CRM', 'Python']",Remote,careers@worldcourier.com
GTS Telecom Services,"['Role: IT Support - Other', 'Industry Type: Telecom / ISP', 'Department: IT & Information Security', 'Employment Type: Full Time, Permanent', 'Role Category: IT Support', 'UG: B.Tech/B.E. in Electronics/Telecommunication, Information Technology, Computers']","['PowerShell', 'Devops', 'IAM', 'Docker', 'Python']",Bhopal,careers@gtstelecomservices.com
Modernlogic Solutions,"['Role: Associate / Consultant', 'Industry Type: IT Services & Consulting', 'Department: Consulting', 'Employment Type: Full Time, Permanent', 'Role Category: Management Consulting', 'UG: Any Graduate', 'PG: Any Postgraduate']","['Unix', 'Computer science', 'Redhat Linux', 'Networking', 'Consulting', 'Disaster recovery', 'Support services', 'Windows', 'System administration', 'Windows System Administration']",Remote,careers@modernlogicsolutions.com
Amazon,"['Role: Solution Architect', 'Industry Type: Internet', 'Department: Engineering - Software & QA', 'Employment Type: Full Time, Permanent', 'Role Category: Software Development', 'UG: Any Graduate', 'PG: Any Postgraduate']","['SAP', 'Network design', 'Production support', 'Architecture', 'EDI', 'IT management', 'Oracle', 'Operations', 'Ariba']",Remote,careers@amazon.com
Scientech Technologies,"['Role: Post Silicon Test Engineer', 'Industry Type: Electronic Components / Semiconductors', 'Department: Engineering - Software & QA', 'Employment Type: Full Time, Permanent', 'Role Category: Quality Assurance and Testing', 'UG: Any Graduate', 'PG: Any Postgraduate']","['C++', 'VB.NET', 'Linux', 'MySQL', 'CAD', 'IT skills', 'PHP', 'HTML', 'Resource planning', 'Python']",Indore,careers@scientechtechnologies.com
Veza Technologies,"['Role: Blockchain Quality Assurance Engineer', 'Industry Type: IT Services & Consulting', 'Department: Engineering - Software & QA', 'Employment Type: Full Time, Permanent', 'Role Category: Quality Assurance and Testing', 'UG: Any Graduate', 'PG: Any Postgraduate']","['Computer science', 'metadata', 'Backend', 'NoSQL', 'orchestration', 'Access management', 'Debugging', 'Distribution system', 'Monitoring', 'SQL']",Remote,careers@vezatechnologies.com
LaunchPD,"['Role: Post Silicon Test Engineer', 'Industry Type: Architecture / Interior Design', 'Department: Engineering - Software & QA', 'Employment Type: Full Time, Permanent', 'Role Category: Quality Assurance and Testing', 'UG: Any Graduate', 'PG: Any Postgraduate']","['C++', 'Software design', 'Linux', 'Javascript', 'Packaging', 'Software Engineer', 'Firmware', 'Open source', 'Python']",Remote,careers@launchpd.com
Emperen Technologies,"['Role: Automation Test Engineer', 'Industry Type: IT Services & Consulting', 'Department: Engineering - Software & QA', 'Employment Type: Full Time, Permanent', 'Role Category: Quality Assurance and Testing', 'UG: B.Tech/B.E. in Any Specialization', 'PG: Any Postgraduate', 'Doctorate: Doctorate Not Required']","['Java', 'JUnit', 'Mobile Testing', 'TestNG', 'Automation Testing', 'Appium', 'Selenium', 'Testing']",Indore,careers@emperentechnologies.com
Mindteck,"['Role: Blockchain Quality Assurance Engineer', 'Industry Type: IT Services & Consulting', 'Department: Engineering - Software & QA', 'Employment Type: Full Time, Permanent', 'Role Category: Quality Assurance and Testing', 'UG: Any Graduate', 'PG: Any Postgraduate']","['Performance tuning', 'C++', 'Automation', 'Software design', 'Coding', 'Data structures', 'Windows', 'Visual Studio', 'Unit testing', 'Python']",Remote,careers@mindteck.com
Infobyd Software Solutions,"['Role: Automation Test Engineer', 'Industry Type: IT Services & Consulting', 'Department: Engineering - Software & QA', 'Employment Type: Full Time, Permanent', 'Role Category: Quality Assurance and Testing', 'UG: Any Graduate', 'PG: Any Postgraduate']","['IT services', 'QA', 'Software testing', 'Backend', 'Test strategy', 'Quality engineering', 'Software development life cycle', 'Test planning', 'ui automation', 'Selenium']",Indore,careers@infobydsoftwaresolutions.com
Benovymed Healthcare Private Limited,"['Role: Engineering Manager', 'Industry Type: Medical Services / Hospital', 'Department: Engineering - Software & QA', 'Employment Type: Full Time, Permanent', 'Role Category: Software Development', 'UG: B.Tech/B.E. in Any Specialization', 'PG: Any Postgraduate', 'Doctorate: Doctorate Not Required']","['Java', 'Appium', 'Robotium', 'MySQL', 'PHP', '.Net', 'MongoDB', 'Selenium', 'Oracle', 'AWS', 'Ruby', 'Python']",Indore,careers@benovymedhealthcareprivatelimited.com
Yodo1 Games,"['Role: Blockchain Quality Assurance Engineer', 'Industry Type: Gaming', 'Department: Engineering - Software & QA', 'Employment Type: Full Time, Permanent', 'Role Category: Quality Assurance and Testing', 'UG: Any Graduate', 'PG: LLM in Law']","['Data validation', 'Debugging', 'Data collection', 'Data processing', 'Selenium', 'Troubleshooting', 'Gaming', 'IPS', 'Distribution system', 'Python']",Remote,careers@yodo1games.com
Twilio,"['Role: Blockchain Quality Assurance Engineer', 'Industry Type: Internet', 'Department: Engineering - Software & QA', 'Employment Type: Full Time, Permanent', 'Role Category: Quality Assurance and Testing', 'UG: Any Graduate', 'PG: Any Postgraduate']","['Data analysis', 'Operations Manager', 'Networking', 'SMS', 'Healthcare', 'VAS', 'Customer service', 'Troubleshooting', 'Monitoring', 'SQL']",Remote,careers@twilio.com
Alphapoint,"['Role: Blockchain Quality Assurance Engineer', 'Industry Type: Financial Services', 'Department: Engineering - Software & QA', 'Employment Type: Full Time, Permanent', 'Role Category: Quality Assurance and Testing', 'UG: Any Graduate', 'PG: Any Postgraduate']","['Computer science', 'LMS', 'neo4j', 'GCP', 'Artificial Intelligence', 'Machine learning', 'query', 'Programming', 'Continuous improvement', 'Python']",Remote,careers@alphapoint.com
INFOCRATS Web Solutions,"['Role: QA Team Manager', 'Industry Type: IT Services & Consulting', 'Department: Engineering - Software & QA', 'Employment Type: Full Time, Permanent', 'Role Category: Quality Assurance and Testing', 'UG: Any Graduate']","['Mobile Application Testing', 'Team Handling', 'ERP', 'Manual Testing', 'SDLC', 'Leadership Skills', 'Agile Methodology', 'Performance Testing', 'Project Management', 'API Testing', 'Integration Testing', 'Automation Testing', 'Team Leading', 'Scrum', 'Selenium']",Indore,careers@infocratswebsolutions.com
Pursuit Software Development,"['Role: Performance Testing Engineer', 'Industry Type: IT Services & Consulting', 'Department: Engineering - Software & QA', 'Employment Type: Full Time, Permanent', 'Role Category: Quality Assurance and Testing', 'UG: Any Graduate']","['JMeter', 'Performance Testing', 'Load Runner', 'Load Testing']","Kolkata, Shillong, Indore",careers@pursuitsoftwaredevelopment.com
People10,"['Role: Test Analyst', 'Industry Type: IT Services & Consulting', 'Department: Engineering - Software & QA', 'Employment Type: Full Time, Permanent', 'Role Category: Quality Assurance and Testing', 'UG: Any Graduate', 'PG: Any Postgraduate']","['Test case execution', 'Test strategy', 'Test management', 'Agile', 'Test planning', 'Technology solutions', 'Stakeholder management', 'JIRA', 'digital transformation']",Remote,careers@people10.com
Nagarro,"['Role: Blockchain Quality Assurance Engineer', 'Industry Type: IT Services & Consulting', 'Department: Engineering - Software & QA', 'Employment Type: Full Time, Permanent', 'Role Category: Quality Assurance and Testing', 'UG: Any Graduate', 'PG: Any Postgraduate']","['Computer science', 'Postgresql', 'Django', 'Application development', 'Application security', 'High level design', 'JIRA', 'Information technology', 'Python', 'Technical documentation']",Remote,careers@nagarro.com
"Godaddy Operating Company, Llc","['Role: Test Analyst', 'Industry Type: Film / Music / Entertainment', 'Department: Engineering - Software & QA', 'Employment Type: Full Time, Permanent', 'Role Category: Quality Assurance and Testing', 'UG: Any Graduate', 'PG: Any Postgraduate']","['Performance tuning', 'Automation', 'Data analysis', 'Cisa', 'Data modeling', 'microsoft', 'Monitoring', 'SQL', 'Python', 'Auditing']",Remote,"careers@godaddyoperatingcompany,llc.com"
Geoconsultants India Services,"['Role: Full Stack Developer', 'Industry Type: Management Consulting', 'Department: Engineering - Software & QA', 'Employment Type: Full Time, Permanent', 'Role Category: Software Development', 'UG: Any Graduate', 'PG: Any Postgraduate']","['Network analysis', 'Programming', 'Database administration', 'Arcgis desktop', 'GIS software', 'SDK', 'Licensing', 'Workflow analysis', 'Python']",Remote,careers@geoconsultantsindiaservices.com
Thermo Fisher Scientific India,"['Role: Software Development - Other', 'Industry Type: Pharmaceutical & Life Sciences', 'Department: Engineering - Software & QA', 'Employment Type: Full Time, Permanent', 'Role Category: Software Development', 'UG: Any Graduate', 'PG: Any Postgraduate']","['Computer science', 'Performance management', 'GCP', 'Process improvement', 'Clinical trials', 'Programming', 'SAS Programming', 'Management', 'Bioinformatics', 'clinical data']",Remote,careers@thermofisherscientificindia.com
Taskus,"['Role: Assistant Manager', 'Industry Type: BPM / BPO', 'Department: Customer Success, Service & Operations', 'Employment Type: Full Time, Permanent', 'Role Category: Operations', 'UG: Any Graduate', 'PG: Any Postgraduate']","['accounts receivable', 'erlang', 'billing', 'workforce planning', 'tally', 'css', 'python', 'c++', 'software development', 'elixir', 'supply', 'javascript', 'jquery', 'sql', 'node.js', 'java', 'git', 'capacity planning', 'linux', 'html', 'mysql', 'data structures', 'shell scripting', 'mongodb']",Indore,careers@taskus.com
Oak Tree Cloud Software,"['Role: Software Development - Other', 'Industry Type: Miscellaneous', 'Department: Engineering - Software & QA', 'Employment Type: Full Time, Permanent', 'Role Category: Software Development', 'UG: Any Graduate']","['Team Coordination', 'Project Documentation', 'Project Coordination']",Indore,careers@oaktreecloudsoftware.com
Bluesoft Software Solution,"['Role: Software Development - Other', 'Industry Type: IT Services & Consulting', 'Department: Engineering - Software & QA', 'Employment Type: Full Time, Permanent', 'Role Category: Software Development', 'UG: Any Graduate', 'PG: Any Postgraduate']","['Supply chain', 'Backend', 'Data management', 'Artificial Intelligence', 'Consulting', 'System integration', 'Telecommunication', 'Financial services', 'Logistics']",Remote,careers@bluesoftsoftwaresolution.com
Newrocket,"['Role: Software Development - Other', 'Industry Type: IT Services & Consulting', 'Department: Engineering - Software & QA', 'Employment Type: Full Time, Permanent', 'Role Category: Software Development', 'UG: Any Graduate', 'PG: Any Postgraduate']","['Unix', 'System testing', 'Automation', 'Functional testing', 'Black Box Testing', 'Workflow', 'System administration', 'Remedy']",Remote,careers@newrocket.com
Remotestar,"['Role: Search Engineer', 'Industry Type: Software Product', 'Department: Engineering - Software & QA', 'Employment Type: Full Time, Permanent', 'Role Category: Software Development', 'UG: Any Graduate', 'PG: Any Postgraduate']","['Computer science', 'Automation', 'Networking', 'Configuration management', 'Postgresql', 'Machine learning', 'SSH', 'CCNA', 'Release management', 'Python']",Remote,careers@remotestar.com
Aerosea Transworld Pvt. Ltd.,"['Role: Software Developer in Test (SDET)', 'Industry Type: IT Services & Consulting', 'Department: Engineering - Software & QA', 'Employment Type: Full Time, Permanent', 'Role Category: Quality Assurance and Testing', 'UG: Any Graduate']","['.Net', 'C#', 'Msql', 'ASP.Net', 'Entity Framework', 'JQuery', 'SQL']",Indore,careers@aeroseatransworldpvt.ltd..com
Advantal Technologies,"['Role: Solution Architect', 'Industry Type: Software Product', 'Department: Engineering - Software & QA', 'Employment Type: Full Time, Permanent', 'Role Category: Software Development', 'UG: Any Graduate', 'PG: Any Postgraduate']","['architectural design', 'interior designing', 'project management', 'software development', 'enterprise architecture', 'microsoft azure', 'sketchup', 'presales', 'autocad', 'microservices', 'docker', 'working drawings', 'java', 'solution design', 'aws', 'cloud computing', 'architecture']",Indore,careers@advantaltechnologies.com
iOPEX,"['Role: Software Development - Other', 'Industry Type: Software Product', 'Department: Engineering - Software & QA', 'Employment Type: Full Time, Permanent', 'Role Category: Software Development', 'UG: Any Graduate']","['Servicenow', 'Javascript', 'Scripting']","Indore, Chennai, Bengaluru",careers@iopex.com
Nrp Consultants,"['Role: IT & Information Security - Other', 'Industry Type: IT Services & Consulting', 'Department: IT & Information Security', 'Employment Type: Full Time, Permanent', 'Role Category: IT & Information Security - Other', 'UG: Any Graduate']","['Strong Communication Skills', 'client communication', 'CSS', 'consulting', 'HTML']","Indore, Pune, Bengaluru",careers@nrpconsultants.com
syniti,"['Role: Search Engineer', 'Industry Type: BPM / BPO', 'Department: Engineering - Software & QA', 'Employment Type: Full Time, Permanent', 'Role Category: Software Development', 'UG: Any Graduate', 'PG: Any Postgraduate']","['Product quality', 'Data management', 'Master data management', 'Architectural design', 'Mentor', 'Technical Lead', 'digital transformation', 'Analytics', 'System implementation', 'SQL']",Remote,careers@syniti.com
Precision For Medicine,"['Role: Engineering Manager', 'Industry Type: Clinical Research / Contract Research', 'Department: Engineering - Software & QA', 'Employment Type: Full Time, Permanent', 'Role Category: Software Development', 'UG: Any Graduate', 'PG: CA in CA']","['Linux', 'Coding', 'Shell scripting', 'Javascript', 'Application development', 'Information technology', 'Analytics', 'Monitoring', 'Python']",Remote,careers@precisionformedicine.com
Cointracker,"['Role: Engineering Manager', 'Industry Type: Software Product', 'Department: Engineering - Software & QA', 'Employment Type: Full Time, Permanent', 'Role Category: Software Development', 'UG: Any Graduate', 'PG: Any Postgraduate']","['Usage', 'Software development', 'Compliance', 'Engineering management', 'GCP', 'Venture capital', 'HR', 'Taxation', 'tax compliance', 'Auditing']",Remote,careers@cointracker.com
Inmar Technologies,"['Role: Blockchain Quality Assurance Engineer', 'Industry Type: Software Product', 'Department: Engineering - Software & QA', 'Employment Type: Full Time, Permanent', 'Role Category: Quality Assurance and Testing', 'UG: Any Graduate', 'PG: Any Postgraduate']","['System architecture', 'Backend', 'Front end', 'Data modeling', 'Technical leadership', 'Healthcare', 'Application development', 'Continuous improvement', 'Recruitment', 'SQL']",Remote,careers@inmartechnologies.com
S P Infotech Indore,"['Role: UI / UX - Other', 'Industry Type: IT Services & Consulting', 'Department: UX, Design & Architecture', 'Employment Type: Full Time, Permanent', 'Role Category: UI / UX', 'UG: Any Graduate']","['Canva', 'User Experience Design', 'Wireframing', 'Illustrator', 'Prototyping', 'Typography']",Indore,careers@spinfotechindore.com
Markonic Solutions,"['Role: Graphic Designer', 'Industry Type: Advertising & Marketing (Digital Marketing)', 'Department: UX, Design & Architecture', 'Employment Type: Full Time, Permanent', 'Role Category: Other Design', 'UG: Any Graduate']","['Graphic Designing', 'Motion Graphics', 'Illustrator', 'Corel Draw', 'Adobe', 'Photoshop', 'Composing', 'Typography']",Indore,careers@markonicsolutions.com
Techture,"['Role: Design Manager', 'Industry Type: Architecture / Interior Design', 'Department: UX, Design & Architecture', 'Employment Type: Full Time, Permanent', 'Role Category: Architecture & Interior Design', 'UG: Any Graduate', 'PG: Any Postgraduate']","['Fabrication', 'Client handling', 'Architecture', 'AutoCAD', 'Mentor', 'REVIT', 'Interior designing', 'Site coordination']",Indore,careers@techture.com
True Choice,"['Role: Web Designer', 'Industry Type: IT Services & Consulting', 'Department: UX, Design & Architecture', 'Employment Type: Full Time, Permanent', 'Role Category: Other Design', 'UG: Any Graduate', 'PG: Any Postgraduate']","['Graphics', 'Illustrator', 'Project management', 'Javascript', 'Production Manager', 'HTML', 'Web designing', 'Photoshop', 'Analytics', 'Automotive']",remote,careers@truechoice.com
Talentxplore,"['Role: Product Designer', 'Industry Type: Beauty & Personal Care', 'Department: UX, Design & Architecture', 'Employment Type: Full Time, Permanent', 'Role Category: Other Design', 'UG: Any Graduate']","['Packaging Design', 'Time Management', 'Illustrator', 'Corel Draw', 'Adobe Creative Suite']",Indore,careers@talentxplore.com
Lottiefiles,"['Role: Back End Developer', 'Industry Type: Design', 'Department: Engineering - Software & QA', 'Employment Type: Full Time, Permanent', 'Role Category: Software Development', 'UG: Any Graduate', 'PG: Any Postgraduate']","['Graphics', 'Backend', 'Front end', 'Web development', 'Medical insurance', 'Management', 'Budgeting']",Remote,careers@lottiefiles.com
Zennial Pro,"['Role: Interaction Designer', 'Industry Type: IT Services & Consulting', 'Department: UX, Design & Architecture', 'Employment Type: Full Time, Permanent', 'Role Category: UI / UX', 'UG: Any Graduate', 'PG: Any Postgraduate']","['interfaces', 'ux', 'adobe creative suite', 'adobe', 'prototype', 'research', 'sketching', 'user research', 'visual design', 'tool design', 'user experience design', 'portfolio', 'design', 'visual', 'interaction design', 'communication skills']",Remote,careers@zennialpro.com
Millipixels Interactive Llp,"['Role: Interaction Designer', 'Industry Type: IT Services & Consulting', 'Department: UX, Design & Architecture', 'Employment Type: Full Time, Permanent', 'Role Category: UI / UX', 'UG: Any Graduate', 'PG: Any Postgraduate']","['interfaces', 'ux', 'adobe creative suite', 'adobe', 'prototype', 'research', 'sketching', 'user research', 'visual design', 'tool design', 'user experience design', 'portfolio', 'design', 'visual', 'interaction design', 'communication skills']",Remote,careers@millipixelsinteractivellp.com
Swatsan Tech,"['Role: UI / UX Designer', 'Industry Type: Water Treatment / Waste Management', 'Department: UX, Design & Architecture', 'Employment Type: Full Time, Permanent', 'Role Category: UI / UX', 'UG: Any Graduate', 'PG: Any Postgraduate']","['ux', 'software testing', 'user interface designing', 'photoshop', 'prototype', 'research', 'user research', 'visual design', 'ui', 'user experience design', 'visual', 'html', 'interaction design', 'information architecture', 'usability analysis', 'illustrator']",Remote,careers@swatsantech.com
Select Source Int,"['Role: UI / UX Designer', 'Industry Type: Software Product', 'Department: UX, Design & Architecture', 'Employment Type: Full Time, Permanent', 'Role Category: UI / UX', 'UG: Any Graduate']","['Illustrator', 'Photoshop']","Indore, Gurugram",careers@selectsourceint.com
Measured Inc,"['Role: Product Designer', 'Industry Type: Advertising & Marketing', 'Department: UX, Design & Architecture', 'Employment Type: Full Time, Permanent', 'Role Category: Other Design', 'UG: Any Graduate', 'PG: Any Postgraduate']","['User research', 'Product engineering', 'data science', 'Agile', 'Tool design', 'Genetics', 'Test planning', 'Medical insurance', 'Visual Design']",Remote,careers@measuredinc.com
Changeleaders Consulting,"['Role: Research & Development - Other', 'Industry Type: Printing & Publishing', 'Department: Research & Development', 'Employment Type: Full Time, Permanent', 'Role Category: Research & Development - Other', 'UG: Any Graduate']","['User Research', 'Product Research', 'Qualitative Research', 'Visual Design']",Bhopal,careers@changeleadersconsulting.com
Benovymed Healthcare,"['Role: Program Manager - Technology / IT', 'Industry Type: IT Services & Consulting', 'Department: Project & Program Management', 'Employment Type: Full Time, Permanent', 'Role Category: Technology / IT', 'UG: Any Graduate', 'PG: Any Postgraduate', 'Doctorate: Doctorate Not Required']","['Product Development', 'telemedicine', 'project management', 'FDA', 'training and development', 'hipaa', 'teaching', 'Artificial intelligence']",Indore,careers@benovymedhealthcare.com
Buyframe & Co,"['Role: Full Stack Developer', 'Industry Type: IT Services & Consulting', 'Department: Engineering - Software & QA', 'Employment Type: Full Time, Permanent', 'Role Category: Software Development', 'UG: Any Graduate, B.Tech/B.E. in Any Specialization']","['MySQL', 'Node.Js', 'React.Js', 'AWS', 'CSS', 'Express', 'Javascript', 'HTML']",Remote,careers@buyframe&co.com
Vichara Technologies,"['Role: Full Stack Developer', 'Industry Type: IT Services & Consulting', 'Department: Engineering - Software & QA', 'Employment Type: Full Time, Permanent', 'Role Category: Software Development', 'UG: B.Tech/B.E. in Any Specialization, B.Sc in Any Specialization, BCA in Any Specialization']","['Node.Js', 'Microservices', 'SQL', 'React.Js', 'Azure', 'LLM', 'Javascript', 'API']","Indore, Jaipur, Delhi / NCR",careers@vicharatechnologies.com
